{"cameraMode":{"drawMode":0,"name":"Shaded","section":"Shading Mode"},"sceneLighting":true,"audioPlay":false,"sceneViewState":{"showFog":true,"showMaterialUpdate":false,"showSkybox":true,"showFlares":true,"showImageEffects":true,"showParticleSystems":true},"in2DMode":false,"pivot":{"x":-0.6327595710754395,"y":1.3166351318359376,"z":-2.5595803260803224},"rotation":{"x":0.040109146386384967,"y":0.7562771439552307,"z":0.046569667756557468,"w":-0.6513581871986389},"size":5.814021110534668,"orthographic":false}